{"cameraMode":{"drawMode":0,"name":"Shaded","section":"Shading Mode"},"sceneLighting":true,"audioPlay":false,"sceneViewState":{"m_AlwaysRefresh":false,"showFog":true,"showSkybox":true,"showFlares":true,"showImageEffects":true,"showParticleSystems":true,"showVisualEffectGraphs":true,"m_FxEnabled":true},"in2DMode":false,"pivot":{"x":3.2026171684265138,"y":-0.11253094673156738,"z":-7.3361921310424809},"rotation":{"x":0.11090482026338577,"y":0.8609329462051392,"z":-0.21287421882152558,"w":0.44853514432907107},"size":5.305445194244385,"orthographic":false}